Drink Name,Caffeine (mg)
Red Bull Original (250 mL),80
Red Bull Original (355 mL),114
Red Bull Original (473 mL),151
Red Bull Original (591 mL),189
Red Bull Sugar Free (248 mL),80
Red Bull Zero (248 mL),80
Red Bull Blue Edition - Blueberry (248 mL),80
Red Bull Red Edition - Watermelon (248 mL),80
Red Bull Green Edition - Dragon Fruit (248 mL),80
Red Bull Yellow Edition - Tropical (248 mL),80
Red Bull Coconut Edition (248 mL),80
Red Bull Peach Edition (248 mL),80
Red Bull Winter Edition (248 mL),80
Red Bull Summer Edition (248 mL),80
Red Bull Amber Edition - Fig Apple (248 mL),80
Monster Energy Original (473 mL),160
Monster Energy Original (710 mL),240
Monster Energy Original (946 mL),320
Monster Ultra White (473 mL),150
Monster Ultra Blue (473 mL),150
Monster Ultra Red (473 mL),150
Monster Ultra Black (473 mL),150
Monster Ultra Violet (473 mL),150
Monster Ultra Gold (473 mL),150
Monster Ultra Rosa (473 mL),150
Monster Ultra Watermelon (473 mL),150
Monster Ultra Peachy Keen (473 mL),150
Monster Lo-Carb (473 mL),140
Monster Absolutely Zero (473 mL),140
Monster Pipeline Punch (473 mL),160
Monster Pacific Punch (473 mL),160
Monster Mango Loco (473 mL),160
Monster Khaotic (473 mL),160
Monster Assault (473 mL),160
Monster Hydro Super Sport (591 mL),125
Monster Rehab Lemonade Tea (458 mL),161
Monster Rehab Peach Tea (458 mL),161
Monster Java Mean Bean (444 mL),188
Monster Java Loca Moca (444 mL),188
Monster Java Kona Blend (444 mL),188
Monster Java Swiss Chocolate (444 mL),188
Monster Java Triple Shot (444 mL),225
Monster Espresso Triple Shot (248 mL),157
Monster Dragon Tea White Tea (458 mL),160
Monster The Doctor (473 mL),160
Monster Lewis Hamilton Edition (473 mL),160
Rockstar Original (473 mL),160
Rockstar Original (710 mL),240
Rockstar Pure Zero Punched (473 mL),160
Rockstar Pure Zero Silver Ice (473 mL),160
Rockstar XDurance Berry (473 mL),160
Rockstar Revolt Killer Citrus (473 mL),160
Rockstar Revolt Killer Grape (473 mL),160
Rockstar Boom Whipped Strawberry (473 mL),160
Rockstar Unplugged Hemp & Blueberry (473 mL),80
NOS Energy (473 mL),160
NOS Energy (710 mL),240
Full Throttle Original (473 mL),160
AMP Energy Original (473 mL),142
AMP Energy Sugar Free (473 mL),142
Venom Energy Mojave Rattler (473 mL),160
Venom Energy Black Mamba (473 mL),160
Venom Death Adder (473 mL),160
Xyience Cherry Lime (473 mL),176
Xyience Cran Razz (473 mL),176
Xyience Frostberry Blast (473 mL),176
Bang Energy Original (473 mL),300
Bang Energy Sweet Tea (473 mL),300
Bang Energy Star Blast (473 mL),300
Bang Energy Black Cherry Vanilla (473 mL),300
Bang Energy Cotton Candy (473 mL),300
Bang Energy Peach Mango (473 mL),300
Bang Energy Birthday Cake Bash (473 mL),300
Reign Total Body Fuel Orange Dreamsicle (473 mL),300
Reign Total Body Fuel Melon Mania (473 mL),300
Reign Total Body Fuel Strawberry Sublime (473 mL),300
Reign Inferno True Blu (473 mL),300
Reign Inferno Jalapeño Strawberry (473 mL),300
Reign Storm Harvest Grape (355 mL),200
Reign Storm Valencia Orange (355 mL),200
C4 Energy Original (473 mL),200
C4 Smart Energy (355 mL),200
C4 Ultimate (473 mL),300
C4 Natural Zero (473 mL),200
Ghost Energy Original (473 mL),200
Ghost Hydration (473 mL),75
Ghost Legend (473 mL),250
Celsius Sparkling Orange (355 mL),200
Celsius Sparkling Watermelon (355 mL),200
Celsius Sparkling Wild Berry (355 mL),200
Celsius Sparkling Peach Mango Green Tea (355 mL),200
Celsius Raspberry Acai Green Tea (355 mL),200
Celsius Grapefruit (355 mL),200
Celsius Heat Orangesicle (473 mL),300
Celsius Heat Cherry Lime (473 mL),300
Celsius On-The-Go (1 packet / 14g),200
Alani Nu Energy (355 mL),200
Alani Nu Breezeberry (355 mL),200
Alani Nu Cosmic Stardust (355 mL),200
PRIME Energy Drink (355 mL),200
PRIME Hydration (500 mL),0
5-hour Energy Original (57 mL),200
5-hour Energy Extra Strength (57 mL),230
5-hour Energy Decaf (57 mL),6
Zipfizz Original (1 tube dissolved),100
Redline Xtreme (237 mL),316
Spike Energy Shooter (133 mL),300
Wired X505 (710 mL),505
Bawls Guarana (296 mL),64
Bawls Guarana (473 mL),102
Guru Organic Energy (355 mL),100
Guru Lite (248 mL),80
Uptime Energy Original (355 mL),142
Hi-Ball Energy Wild Berry (473 mL),160
Hi-Ball Energy Grapefruit (473 mL),160
Rip It Energy Tribute (237 mL),80
Rip It Energy (473 mL),160
Emerge Energy (250 mL),75
Lucozade Energy Original (380 mL),46
Lucozade Energy Orange (500 mL),60
V Energy Green (250 mL),78
V Energy Blue (500 mL),156
Mother Energy Original (500 mL),160
Burn Energy (250 mL),80
Relentless Origin (500 mL),160
Carabao Energy (250 mL),80
Power Horse Energy (250 mL),80
Tiger Energy (250 mL),80
Dark Dog Organic (250 mL),80
Flying Horse Energy (250 mL),80
Krating Daeng / Thai Red Bull (150 mL),50
EBOOST Super Powder Shot (59 mL),110
Advocare Spark Energy (1 packet),120
G Fuel Powder (1 serving),150
G Fuel Cans (473 mL),300
G Fuel Shot (59 mL),150
Optimum Nutrition Amino Energy Can (355 mL),100
Reign Thermogenic Fuel (473 mL),300
Starbucks Pike Place Roast Short (237 mL),155
Starbucks Pike Place Roast Tall (355 mL),235
Starbucks Pike Place Roast Grande (473 mL),310
Starbucks Pike Place Roast Venti (591 mL),410
Starbucks Blonde Roast Tall (355 mL),270
Starbucks Blonde Roast Grande (473 mL),360
Starbucks Blonde Roast Venti (591 mL),475
Starbucks Dark Roast Tall (355 mL),193
Starbucks Dark Roast Grande (473 mL),260
Starbucks Dark Roast Venti (591 mL),340
Starbucks Espresso Single Shot (30 mL),75
Starbucks Espresso Doppio (59 mL),150
Starbucks Americano Tall (355 mL),150
Starbucks Americano Grande (473 mL),225
Starbucks Americano Venti Hot (591 mL),300
Starbucks Americano Venti Iced (710 mL),375
Starbucks Latte Tall (355 mL),75
Starbucks Latte Grande (473 mL),150
Starbucks Latte Venti Hot (591 mL),150
Starbucks Latte Venti Iced (710 mL),225
Starbucks Cappuccino Tall (355 mL),75
Starbucks Cappuccino Grande (473 mL),150
Starbucks Cappuccino Venti (591 mL),150
Starbucks Flat White Tall (355 mL),130
Starbucks Flat White Grande (473 mL),195
Starbucks Mocha Tall (355 mL),90
Starbucks Mocha Grande (473 mL),175
Starbucks Mocha Venti (591 mL),185
Starbucks White Mocha Tall (355 mL),75
Starbucks White Mocha Grande (473 mL),150
Starbucks Caramel Macchiato Tall (355 mL),75
Starbucks Caramel Macchiato Grande (473 mL),150
Starbucks Caramel Macchiato Venti (591 mL),150
Starbucks Cold Brew Tall (355 mL),155
Starbucks Cold Brew Grande (473 mL),205
Starbucks Cold Brew Venti (710 mL),310
Starbucks Cold Brew Trenta (887 mL),360
Starbucks Nitro Cold Brew Tall (355 mL),215
Starbucks Nitro Cold Brew Grande (473 mL),280
Starbucks Iced Coffee Tall (355 mL),120
Starbucks Iced Coffee Grande (473 mL),165
Starbucks Iced Coffee Venti (710 mL),235
Starbucks Refreshers Strawberry Acai Tall (355 mL),45
Starbucks Refreshers Mango Dragonfruit Tall (355 mL),45
Starbucks Refreshers Pineapple Passionfruit Tall (355 mL),45
Starbucks Matcha Latte Tall (355 mL),55
Starbucks Matcha Latte Grande (473 mL),80
Starbucks Chai Latte Tall (355 mL),40
Starbucks Chai Latte Grande (473 mL),95
Starbucks Chai Latte Venti (591 mL),145
Starbucks Iced Chai Latte Tall (355 mL),40
Starbucks Iced Chai Latte Grande (473 mL),95
Starbucks Iced Chai Latte Venti (710 mL),145
Starbucks Green Tea Latte Tall (355 mL),55
Starbucks Green Tea Latte Grande (473 mL),80
Starbucks Frappuccino Coffee (405 mL bottle),130
Starbucks Doubleshot Espresso (192 mL can),135
Starbucks Doubleshot Energy (444 mL can),146
Starbucks Tripleshot Energy (444 mL can),225
Starbucks Cold Brew Black Unsweetened (325 mL bottle),155
Starbucks Cold Brew Concentrate (946 mL) per 59 mL serving,200
Starbucks Pumpkin Spice Latte Tall (355 mL),75
Starbucks Pumpkin Spice Latte Grande (473 mL),150
Starbucks Eggnog Latte Grande (473 mL),150
Starbucks Clover Reserve Brewed Coffee Tall (355 mL),280
Starbucks Clover Reserve Brewed Coffee Grande (473 mL),380
Tim Hortons Original Blend Small (296 mL),140
Tim Hortons Original Blend Medium (414 mL),205
Tim Hortons Original Blend Large (591 mL),270
Tim Hortons Original Blend XL (710 mL),340
Tim Hortons Dark Roast Small (296 mL),130
Tim Hortons Dark Roast Medium (414 mL),190
Tim Hortons Dark Roast Large (591 mL),250
Tim Hortons Dark Roast XL (710 mL),315
Tim Hortons Espresso Single Shot (30 mL),45
Tim Hortons Espresso Double Shot (59 mL),90
Tim Hortons Americano Small (296 mL),90
Tim Hortons Americano Medium (414 mL),135
Tim Hortons Americano Large (591 mL),180
Tim Hortons Latte Small (296 mL),45
Tim Hortons Latte Medium (414 mL),90
Tim Hortons Latte Large (591 mL),135
Tim Hortons Cappuccino Small (296 mL),45
Tim Hortons Cappuccino Medium (414 mL),90
Tim Hortons Cappuccino Large (591 mL),135
Tim Hortons Café Mocha Small (296 mL),60
Tim Hortons Café Mocha Medium (414 mL),90
Tim Hortons Café Mocha Large (591 mL),120
Tim Hortons French Vanilla Small (296 mL),60
Tim Hortons French Vanilla Medium (414 mL),90
Tim Hortons French Vanilla Large (591 mL),120
Tim Hortons French Vanilla XL (710 mL),150
Tim Hortons Hot Chocolate Small (296 mL),5
Tim Hortons Hot Chocolate Medium (414 mL),8
Tim Hortons Hot Chocolate Large (591 mL),10
Tim Hortons Steeped Tea Small (296 mL),30
Tim Hortons Steeped Tea Medium (414 mL),45
Tim Hortons Steeped Tea Large (591 mL),60
Tim Hortons Steeped Tea XL (710 mL),75
Tim Hortons Iced Coffee Small (473 mL),70
Tim Hortons Iced Coffee Medium (651 mL),100
Tim Hortons Iced Coffee Large (828 mL),130
Tim Hortons Cold Brew Small (473 mL),170
Tim Hortons Cold Brew Medium (651 mL),230
Tim Hortons Cold Brew Large (828 mL),280
Tim Hortons Iced Latte Small (473 mL),90
Tim Hortons Iced Latte Medium (651 mL),135
Tim Hortons Iced Latte Large (828 mL),180
McDonald's McCafé Premium Roast Small (355 mL),109
McDonald's McCafé Premium Roast Medium (473 mL),145
McDonald's McCafé Premium Roast Large (621 mL),178
McDonald's McCafé Premium Roast XL (946 mL),274
McDonald's McCafé Espresso Single Shot (30 mL),71
McDonald's McCafé Americano Small (355 mL),71
McDonald's McCafé Americano Medium (473 mL),142
McDonald's McCafé Americano Large (621 mL),178
McDonald's McCafé Latte Small (355 mL),71
McDonald's McCafé Latte Medium (473 mL),142
McDonald's McCafé Latte Large (621 mL),178
McDonald's McCafé Cappuccino Small (355 mL),71
McDonald's McCafé Cappuccino Medium (473 mL),142
McDonald's McCafé Cappuccino Large (621 mL),178
McDonald's McCafé Mocha Small (355 mL),86
McDonald's McCafé Mocha Medium (473 mL),167
McDonald's McCafé Mocha Large (621 mL),200
McDonald's McCafé Iced Coffee Small (340 mL),200
McDonald's McCafé Iced Coffee Medium (473 mL),200
McDonald's McCafé Iced Coffee Large (651 mL),320
McDonald's McCafé Iced Latte Small (340 mL),71
McDonald's McCafé Iced Latte Medium (473 mL),142
McDonald's McCafé Iced Latte Large (651 mL),178
McDonald's McCafé Frappe Mocha Small (355 mL),75
McDonald's McCafé Frappe Mocha Medium (473 mL),100
McDonald's McCafé Frappe Mocha Large (651 mL),130
McDonald's McCafé Cold Brew Small (473 mL),180
McDonald's McCafé Cold Brew Medium (621 mL),250
McDonald's McCafé Cold Brew Large (946 mL),330
Dunkin' Original Blend Small (296 mL),150
Dunkin' Original Blend Medium (414 mL),210
Dunkin' Original Blend Large (591 mL),300
Dunkin' Original Blend XL (710 mL),359
Dunkin' Dark Roast Medium (414 mL),210
Dunkin' Espresso Single Shot (30 mL),75
Dunkin' Espresso Doppio (59 mL),150
Dunkin' Americano Medium (414 mL),371
Dunkin' Americano Large (591 mL),529
Dunkin' Latte Small (296 mL),118
Dunkin' Latte Medium (414 mL),166
Dunkin' Latte Large (591 mL),252
Dunkin' Cappuccino Small (296 mL),118
Dunkin' Cappuccino Medium (414 mL),166
Dunkin' Macchiato Medium (414 mL),166
Dunkin' Cold Brew Small (473 mL),260
Dunkin' Cold Brew Medium (710 mL),347
Dunkin' Cold Brew Large (887 mL),431
Dunkin' Iced Coffee Small (473 mL),198
Dunkin' Iced Coffee Medium (710 mL),297
Dunkin' Iced Coffee Large (946 mL),396
Dunkin' Frozen Coffee Small (473 mL),196
Dunkin' Frozen Coffee Medium (710 mL),294
Dunkin' Chai Latte Medium (414 mL),70
Dunkin' Matcha Latte Medium (414 mL),120
Dunkin' Strawberry Coconut Refresher Medium (710 mL),66
Peet's Coffee Small (355 mL),267
Peet's Coffee Medium (473 mL),356
Peet's Coffee Large (591 mL),444
Peet's Espresso Solo (30 mL),75
Peet's Espresso Doppio (59 mL),150
Peet's Cold Brew (355 mL),150
Peet's Cold Brew (473 mL),200
Panera Bread Regular Coffee Small (237 mL),162
Panera Bread Regular Coffee Medium (355 mL),212
Panera Bread Regular Coffee Large (473 mL),277
Panera Bread Charged Lemonade Medium (591 mL),260
Panera Bread Charged Lemonade Large (887 mL),390
Caribou Coffee Medium (473 mL),305
Caribou Coffee Large (591 mL),380
Dutch Bros Blue Rebel Energy (473 mL),160
Dutch Bros Blue Rebel Energy (710 mL),240
Dutch Bros Americano Medium (473 mL),150
Dutch Bros Cold Brew Medium (473 mL),200
Costa Coffee Americano (355 mL),180
Costa Coffee Americano (473 mL),265
Costa Coffee Flat White (237 mL),185
Costa Coffee Latte Medium (355 mL),185
Costa Coffee Latte Large (473 mL),260
Costa Coffee Mocha Medium (355 mL),185
Cafe Nero Americano (355 mL),220
Cafe Nero Latte (355 mL),110
Cafe Nero Flat White (177 mL),110
Stumptown Cold Brew (311 mL),279
Stumptown Cold Brew (946 mL serving per 237 mL),215
Chameleon Cold Brew Concentrate (per 59 mL serving),150
Chameleon Cold Brew RTD (296 mL),270
La Colombe Draft Latte Original (266 mL),120
La Colombe Draft Latte Oat Milk (266 mL),120
La Colombe Cold Brew (266 mL),200
High Brew Coffee Mexican Vanilla (237 mL),130
High Brew Coffee Dark & Bold (237 mL),130
Califia Farms Cold Brew (311 mL),200
Café Bustelo Ready to Drink (237 mL),130
Coca-Cola Classic (222 mL),25
Coca-Cola Classic (237 mL),26
Coca-Cola Classic (355 mL),34
Coca-Cola Classic (473 mL),45
Coca-Cola Classic (591 mL),57
Coca-Cola Classic (2 L / 2011 mL),194
Diet Coke (355 mL),46
Diet Coke (591 mL),76
Diet Coke (2 L / 2011 mL),261
Coca-Cola Zero Sugar (355 mL),34
Coca-Cola Zero Sugar (591 mL),57
Coke Cherry (355 mL),34
Coke Starlight (355 mL),34
Coke Dreamworld (355 mL),34
Coke Move (355 mL),34
Pepsi (222 mL),24
Pepsi (355 mL),38
Pepsi (591 mL),63
Pepsi (2 L / 2011 mL),177
Diet Pepsi (355 mL),35
Diet Pepsi (591 mL),57
Pepsi Zero Sugar (355 mL),69
Pepsi Zero Sugar (591 mL),115
Pepsi Wild Cherry (355 mL),38
Pepsi Mango (355 mL),38
Pepsi Nitro (404 mL),69
Mountain Dew (355 mL),54
Mountain Dew (591 mL),91
Mountain Dew (2 L / 2011 mL),306
Diet Mountain Dew (355 mL),54
Mountain Dew Code Red (355 mL),54
Mountain Dew Voltage (355 mL),55
Mountain Dew Baja Blast (355 mL),54
Mountain Dew Baja Blast Zero (355 mL),54
Mountain Dew Typhoon (355 mL),54
Mountain Dew Pitch Black (355 mL),54
Mountain Dew White Out (355 mL),54
Mountain Dew Game Fuel (473 mL),90
Mountain Dew Rise Energy (473 mL),180
Mountain Dew Kickstart (473 mL),90
Dr Pepper (355 mL),41
Dr Pepper (591 mL),68
Diet Dr Pepper (355 mL),44
Dr Pepper Zero Sugar (355 mL),41
Dr Pepper Cherry (355 mL),41
Mr. Pibb / Pibb Xtra (355 mL),40
Cheerwine (355 mL),48
Barq's Root Beer (355 mL),22
RC Cola (355 mL),43
Mello Yello (355 mL),51
Sunkist Orange Soda (355 mL),41
Surge (473 mL),68
Big Red (355 mL),38
Tab (355 mL),46
Jolt Cola (355 mL),72
Vault Cola (355 mL),47
Pepsi-Cola Made with Real Sugar (355 mL),38
Inca Kola (355 mL),36
Snapple Lemon Tea (473 mL),42
Snapple Peach Tea (473 mL),42
Snapple Half & Half Lemonade Iced Tea (473 mL),21
Arizona Iced Tea Half & Half (680 mL),15
Arizona Green Tea (680 mL),15
Arizona Arnold Palmer Lite (680 mL),15
Lipton Iced Tea Lemon (591 mL),25
Gold Peak Sweet Tea (547 mL),48
Gold Peak Unsweetened Tea (547 mL),48
Pure Leaf Lemon Tea (547 mL),69
Pure Leaf Unsweetened Black Tea (547 mL),105
Honest Tea Honey Green Tea (473 mL),35
Honest Tea Black Tea (473 mL),42
Fuze Iced Tea (500 mL),28
Brisk Iced Tea (355 mL),9
SoBe Green Tea (591 mL),48
Tazo Iced Chai (408 mL),100
Tazo Green Tea (408 mL),45
Teavana Craft Iced Tea Tall (355 mL),30
Teavana Craft Iced Tea Grande (473 mL),40
Matcha Latte (237 mL homemade),40
Matcha Latte (473 mL café-style),70
Yerba Mate Traditional (237 mL),85
Guayaki Yerba Mate Original (473 mL),150
Guayaki Yerba Mate Lemon Elation (473 mL),150
Guayaki Yerba Mate Enlighten Mint (473 mL),150
Guayaki Yerba Mate Revel Berry (473 mL),150
Guayaki Organic Shot (59 mL),140
Bai Antioxidant Infusion (532 mL),35
Bai Boost Molokai Coconut (532 mL),110
Bai Bubbles (340 mL),35
Hint Kick Caffeinated Water (473 mL),60
Sparkling Ice +Caffeine (473 mL),70
Adrenaline Shoc (473 mL),300
Accel Gel (1 packet),25
GU Energy Gel (1 packet),40
Clif Bar Shot Blok (1 serving / 3 blocks),25
Spring Energy Awesome Sauce (1 packet),40
Honey Stinger Gold Energy Gel (1 packet),32
Kill Cliff Recover (355 mL),25
Kill Cliff Ignite (355 mL),150
Hard Coffee (Pabst Blue Ribbon) (325 mL),135
Twisted Tea Original (355 mL),1
Café Agave Cold Brew Cocktail (355 mL),75
Kahlúa Coffee Liqueur (44 mL),5
Baileys Irish Cream (44 mL),10
Espresso Martini (cocktail ~89 mL),63
Black Russian (cocktail),5
Vietnamese Iced Coffee (237 mL),150
Cold Brew Coffee Concentrate (59 mL serving),200
Chemex Pour Over (355 mL),190
AeroPress Coffee (237 mL),80
French Press Coffee (237 mL),100
Moka Pot Coffee (59 mL),105
Drip Coffee Home Brewed (237 mL),95
Instant Coffee (237 mL),62
Decaf Coffee Drip (237 mL),5
Decaf Espresso (30 mL),4
Turkish Coffee (74 mL),50
Café de Olla Mexican Coffee (237 mL),100
Cortado (118 mL),75
Macchiato Traditional (59 mL),75
Ristretto (30 mL),63
Con Panna (59 mL),75
Affogato (59 mL espresso),150
Irish Coffee (177 mL),50
Nitro Cold Brew Home Pour (355 mL),215
Coldbrew on Tap (355 mL),200
Black Tea Brewed (237 mL),50
Green Tea Brewed (237 mL),28
Oolong Tea Brewed (237 mL),37
White Tea Brewed (237 mL),15
Pu-erh Tea Brewed (237 mL),60
Chai Tea Brewed (237 mL),50
Earl Grey Brewed (237 mL),50
English Breakfast Tea (237 mL),55
Jasmine Green Tea (237 mL),25
Chamomile Tea (237 mL),0
Peppermint Tea (237 mL),0
Rooibos Tea (237 mL),0
Hibiscus Tea (237 mL),0
Twinings English Breakfast Tea Bag (237 mL),55
Bigelow Earl Grey Tea Bag (237 mL),50
Celestial Seasonings Green Tea (237 mL),15
Yogi Green Tea (237 mL),35
Bubble Tea / Boba Black Milk Tea (473 mL),50
Bubble Tea / Boba Green Milk Tea (473 mL),30
Bubble Tea / Boba Thai Milk Tea (473 mL),40
Bubble Tea / Boba Taro Milk Tea (473 mL),25
Bubble Tea / Boba Tiger Milk Tea (473 mL),50
Bubble Tea / Boba Matcha Latte (473 mL),60
Dark Chocolate (44 mL bar),25
Milk Chocolate (44 mL bar),9
Hot Cocoa / Hot Chocolate (237 mL),5
Starbucks Hot Chocolate Grande (473 mL),25
Swiss Miss Hot Cocoa (177 mL packet),5
Milo (237 mL),35
Ovaltine (237 mL),12
Cocoa Puffs Cereal (1 cup),2
Häagen-Dazs Coffee Ice Cream (118 mL),29
Ben & Jerry's Coffee Toffee Bar Crunch (118 mL),40
Tiramisu (1 slice ~100g),30
Coffee Yogurt Dannon (177 mL),30
